name;addressZip
tola sales group;78229
foundation corrections inc;94002
dwight harrison vw;30078
directv;38006
saint paul radiology;55109
pizza hut;44667
linda group usa llc;33178
diamond blue pool service;33316
premiere mortgage capital;28031
boston studio inc;02119
a g m designs;77521
nxp semiconductor inc;48377
jeffrey roberts h;35640
rincon musical;07087
aaa moving & storage;28037
swift construction;45056
epicboardshop;84101
bear zoo llc;78258
us post office;57761
midnight friends llc;19422
fig tree manor bed breakfast;75801
ponderosa septic & grease;78363
tim dieball;53115
memdees restaurant;19143
epicboardshop branch;
snelling & snelling;65804
bison security co inc;14609
henrietta transport;60606
fischer group the fischer hms;45140
jcf international aircraft;60046
lewisgale internal medicine;24073
bryant family & cosmetic dentistry;29651
james and kelsen;95338
odella's antiques & nostalgia;95338
all under one roof;1841
tim dieball;53113
vandyke jacqueline l;45701
waldinin tubursky inc;45701
fountain hills medical clinic;85268
jeffrey s benson painting;34120
campus dry cleaning;44074
john alden life insurance co;77042
r & g fish llc;77979
redbox;17602