name;addresszip;website
tola sales group;78229;http://repsources.com
cricket wireless authorized retailer;77009;https://www.cricketwireless.com
saint paul radiology;55109;http://stpaulradiology.com
pizza hut;44667;https://www.pizzahut.com
absolute sex;44276;http://falklandnews.com
davydov memorial group;11379;http://memorials.pro
nxp semiconductor inc;48377;http://freescale.com
silent partner pi;30326;https://silentpartnerpi.com
tea world;32780;http://teaworldone.com
epicboardshop;84101;http://epicboardshop.com
grace evangelical lutheran chr;06457;http://gracemiddletown.org
us post office;57761;http://usps.com
fig tree manor bed breakfast;75801;http://figtreemanor.com
ponderosa septic & grease;78363;http://ponderosaseptichvac.com
tim dieball;53115;http://motorsport-coatings.com
all under one roof;01841;http://allunderoneroof.info
snelling & snelling;65804;http://snellingandsnelling.com
advantek taping systems;83705;http://advantek.com
jcf international aircraft;60046;http://jcfinternational.com
lawhorn & assoc insurance;37412;http://lawhorncarinsurance.com
vandyke jacqueline l;45701;http://www.performancesignsofathens.com
st john providence health syst;48021;http://www.stjohnprovidence.org
redbox;17602;http://www.redbox.com/locations/pennsylvania/lancaster/17602/16738